Model,Mean,Median,Std Dev,Variance,Min,Max,Range,Q1 (25%),Q3 (75%),IQR,Skewness,Kurtosis,CV (Coef. of Variation),P(Loss > 0),P(Loss = 0),P90,P95,P99,P99.5,P99.9
M1 (Empirical),76963.91159994852,42858.756108263704,118107.93040823303,13949483225.31602,0.0,1743825.1963061125,1743825.1963061125,508.47802595308696,92239.89383773271,91731.41581177963,4.011075020474678,30.564366120225536,1.534588457797564,0.7555,0.2445,209929.5537543228,315166.92241395346,523536.74269300915,646367.7908859522,1299725.2459343206
M2 (Gaussian),76963.91159994852,42858.756108263704,108518.3808016324,11776238971.8081,0.0,1090836.950166098,1090836.950166098,0.0,98012.7865979457,98012.7865979457,2.4142525680675644,7.627198635440916,1.4099904558606788,0.729,0.271,219749.61478640678,310310.14118472295,494109.67685157596,567318.0768264604,757343.8219458223
M3 (t-Copula ML),76963.91159994852,42858.756108263704,109213.07765475418,11927496330.823366,0.0,1003047.6066201364,1003047.6066201364,0.0,96535.34531718677,96535.34531718677,2.5010655129903263,8.358455118376057,1.4190167233499502,0.7277,0.2723,218123.54323772076,308265.6527835283,485004.8717872914,587789.3654208351,769685.8995281159
