Percentile,M1 (Empirical),M2 (Gaussian),M3 (t-Copula ML)
P50,42858.756108263704,42858.756108263704,42858.756108263704
P75,92239.89383773271,98012.7865979457,96535.34531718677
P90,209929.5537543228,219749.61478640678,218123.54323772076
P95,315166.92241395346,310310.14118472295,308265.6527835283
P97.5,400223.46845652774,392099.1806241266,396561.0245255177
P99,523536.74269300915,494109.67685157596,485004.8717872914
P99.5,646367.7908859522,567318.0768264604,587789.3654208351
P99.9,1299725.2459343206,757343.8219458223,769685.8995281159
