Model,Mean,Median,Std Dev,Variance,Min,Max,Range,Q1 (25%),Q3 (75%),IQR,Skewness,Kurtosis,CV (Coef. of Variation),P(Loss > 0),P(Loss = 0),P90,P95,P99,P99.5,P99.9
M1 (Empirical),76963.91159994852,42858.756108263704,118137.7801274367,13956535093.438576,0.0,1743825.1963061125,1743825.1963061125,419.75697841401177,92239.89383773271,91820.1368593187,4.009411825109089,30.533234291702385,1.534976298261791,0.7555,0.2445,209747.8180014895,315406.8543988513,523536.74269300915,646367.7908859522,1299725.2459343206
M2 (Gaussian),76963.91159994852,42858.756108263704,108235.94843450043,11715020533.515835,0.0,1090836.950166098,1090836.950166098,0.0,98036.58378149045,98036.58378149045,2.414221140614172,7.642640162848048,1.406320783136662,0.7307,0.2693,218474.25809601575,309101.20334823633,493066.39062546333,567318.0768264604,757343.8219458223
M3 (t-Copula ML),76963.91159994852,42858.756108263704,109213.07765475418,11927496330.823366,0.0,1003047.6066201364,1003047.6066201364,0.0,96535.34531718677,96535.34531718677,2.5010655129903263,8.358455118376057,1.4190167233499502,0.7277,0.2723,218123.54323772076,308265.6527835283,485004.8717872914,587789.3654208351,769685.8995281159
